Date,Open,High,Low,Close,AdjClose,Volume
1/1/1962,7.713333,7.713333,7.003334,7.226666,2.077531,8760000
2/1/1962,7.3,7.48,7.093333,7.16,2.058365,5737600
3/1/1962,7.186666,7.413333,7.07,7.103333,2.042352,5344000
4/1/1962,7.1,7.1,6,6.053333,1.740458,12851200
5/1/1962,6.053333,6.53,4.733333,5.233333,1.504689,49307200
6/1/1962,5.213333,5.213333,4,4.523334,1.300756,68451200
7/1/1962,4.523334,5.246666,4.513333,5.16,1.483839,41052800
8/1/1962,5.146667,5.53,4.94,5.283333,1.519304,41353600
9/1/1962,5.283333,5.353333,4.646667,4.713333,1.35566,33204800
10/1/1962,4.713333,4.956666,4.293334,4.613333,1.326898,42958400
11/1/1962,4.613333,5.356667,4.56,5.313334,1.528234,36654400
12/1/1962,5.26,5.413333,5.086667,5.2,1.49595,21891200
1/1/1963,5.2,5.66,5.123333,5.65,1.625409,28531200
2/1/1963,5.65,5.665,5.32,5.33,1.533349,13190400
3/1/1963,5.33,5.643333,5.296667,5.613333,1.615245,12147200
4/1/1963,5.613333,6.326667,5.566667,6.183333,1.779262,18203200
5/1/1963,6.183333,6.38,6.1,6.363333,1.831056,11387200
6/1/1963,6.363333,6.383333,5.76,5.816667,1.674116,12854400
7/1/1963,5.816667,5.973333,5.67,5.793334,1.667401,16763200
8/1/1963,5.793334,6.126667,5.733333,5.93,1.706736,13878400
9/1/1963,5.938334,6.253334,5.938334,6.026667,1.734954,18100800
10/1/1963,6.026667,6.69,5.98,6.586667,1.896167,24403200
11/1/1963,6.586667,6.61,6.146667,6.47,1.862579,12488000
12/1/1963,6.506667,6.793334,6.313334,6.76,1.946564,13035200
1/1/1964,6.8,7.56,6.766667,7.226666,2.080941,22300800
2/1/1964,7.226666,7.686666,7.12,7.586667,2.184606,11291200
3/1/1964,7.586667,7.926667,7.413333,7.923333,2.282077,11723200
4/1/1964,7.933333,8.02,7.603333,7.603333,2.189912,12776000
5/1/1964,7.613333,8.233334,7.613333,8,2.304159,10512000
6/1/1964,8,8.058333,7.683333,7.95,2.29034,8619200
7/1/1964,7.979167,8.2,7.666667,7.7,2.218316,9276800
8/1/1964,7.7,7.7,7.091667,7.341667,2.115083,11555200
9/1/1964,7.341667,7.433333,6.866667,7.275,2.096447,11804800
10/1/1964,7.275,7.275,6.916667,7,2.0172,7595200
11/1/1964,6.995833,7.241667,6.875,6.875,1.981179,8470400
12/1/1964,6.858333,6.966667,6.783333,6.825,1.967353,8364800
1/1/1965,6.825,7.5,6.733333,7.475,2.154722,11296000
2/1/1965,7.458333,7.61875,7.083333,7.595833,2.189552,7942400
3/1/1965,7.595833,7.825,7.466667,7.570833,2.183082,7204800
4/1/1965,7.583333,8.083333,7.583333,8.083333,2.330862,6395200
5/1/1965,8.066667,8.191667,7.666667,7.966667,2.297219,5681600
6/1/1965,7.933333,7.958333,7.291667,7.633333,2.201785,14480000
7/1/1965,7.633333,7.983333,7.583333,7.983333,2.302741,7908800
8/1/1965,7.983333,8.397917,7.904167,8.316667,2.398889,9350400
9/1/1965,8.316667,8.620833,8.3,8.541667,2.464566,7246400
10/1/1965,8.5125,8.883333,8.3875,8.883333,2.563148,7057600
11/1/1965,8.883333,9.233334,8.7,8.75,2.524678,4550400
12/1/1965,8.75,8.795834,8.2375,8.316667,2.400321,12908800
1/1/1966,8.291667,8.558333,7.866667,8.266666,2.385889,12648000
2/1/1966,8.266666,8.745833,8.133333,8.583333,2.477284,8011200
3/1/1966,8.583333,8.75,8.241667,8.6,2.482837,9123200
4/1/1966,8.6,9.366667,8.566667,9.291667,2.682523,7316800
5/1/1966,9.291667,9.35,8.6,9.06875,2.618166,10494400
6/1/1966,8.9125,9.1625,8.3125,8.7625,2.530508,13753600
7/1/1966,8.80625,9.0375,8.51875,8.51875,2.460116,6025600
8/1/1966,8.51875,8.76875,7.65625,8.0125,2.313917,10428800
9/1/1966,8.0125,8.4625,7.6625,7.9375,2.292994,10038400
10/1/1966,7.9375,8.371875,7.2375,8.3,2.397711,11531200
11/1/1966,8.359375,9.425,8.359375,9.4,2.715481,10068800
12/1/1966,9.4,9.65,9.075,9.2875,2.683839,6968000
1/1/1967,9.2875,10.15,9.0625,9.9875,2.886119,10628800
2/1/1967,9.85,10.88125,9.7625,10.75,3.106462,6753600
3/1/1967,10.8125,11.525,10.8,11.275,3.25907,7043200
4/1/1967,11.1875,12.475,10.925,12.4125,3.587868,8220800
5/1/1967,12.125,12.125,11.45,11.65625,3.369271,8121600
6/1/1967,11.65625,12.775,11.5875,12.4375,3.595891,9611200
7/1/1967,12.4375,12.7375,12.2,12.69375,3.669977,6238400
8/1/1967,12.69375,12.8625,12.13125,12.49375,3.612155,5624000
9/1/1967,12.49375,13.9375,12.4625,13.70625,3.963568,7054400
10/1/1967,13.7,15.0125,13.525,14.8375,4.290698,6659200
11/1/1967,14.725,15.5125,14.1875,15.3,4.424443,9472000
12/1/1967,15.3,16.200001,15.25,15.675,4.541461,6500800
1/1/1968,15.675,15.68125,14.71875,14.8625,4.306059,10377600
2/1/1968,14.8625,15.05,14.2125,14.5,4.201032,10609600
3/1/1968,14.5,15.325,14,15.3125,4.446135,11905600
4/1/1968,15.6375,16.9375,15.625,16.9375,4.917969,11107200
5/1/1968,16.975,17.85,16.125,17.85,5.182918,11739200
6/1/1968,18.450001,18.75,17.25,17.6875,5.14535,10641600
7/1/1968,17.6875,18.25,16.299999,16.9375,4.927171,9384000
8/1/1968,16.9375,17.325001,16.5,16.75,4.872628,7364800
9/1/1968,16.75,17.075001,16.5,16.75,4.882021,6200000
10/1/1968,16.525,16.65,15.225,15.35,4.473971,17635200
11/1/1968,15.4,16.737499,15.375,16.6875,4.863804,10878400
12/1/1968,16.6875,16.737499,15.5,15.75,4.590555,8513600
1/1/1969,15.75,15.7625,14.75,14.8125,4.317308,15188800
2/1/1969,14.8125,15.525,14.6625,14.66875,4.275411,9505600
3/1/1969,14.66875,15.775,14.5875,15.7,4.588353,7593600
4/1/1969,15.7,16.512501,15.2625,16.4,4.792929,7721600
5/1/1969,16.4,16.74375,15.9125,15.95,4.661414,7235200
6/1/1969,15.95,16.975,15.3875,16.887501,4.947561,9937600
7/1/1969,16.887501,18.225,15.5,16.225,4.753468,17296000
8/1/1969,16.299999,17.5375,16.275,17.25,5.053762,11720000
9/1/1969,17.25,18.012501,16.549999,17.262501,5.07306,10350400
10/1/1969,17.262501,18.25,17,18.025,5.297139,12192000
11/1/1969,18,18.4375,17.2125,17.85,5.245711,8328000
12/1/1969,17.924999,18.35,17.512501,18.225,5.37081,11555200
1/1/1970,18.225,19.35,16.7125,16.759375,4.938902,15148800
2/1/1970,16.85,17.75,16.737499,17.012501,5.013498,12294400
3/1/1970,17.012501,17.049999,15.7625,16.924999,4.98771,15971200
4/1/1970,16.924999,17.025,14.3125,14.9,4.390955,18692800
5/1/1970,14.9,14.95,11.85,13.9,4.096261,29678400
6/1/1970,13.9,14.35,12.5,12.5,3.69858,21307200
7/1/1970,12.5,13.125,12.1,12.6125,3.731868,18169600
8/1/1970,12.59375,13.575,10.9375,13.3125,3.95772,22201600
9/1/1970,13.2625,14.775,12.9625,14.5875,4.336772,17121600
10/1/1970,14.5875,15.4875,14.15,14.7,4.370219,13166400
11/1/1970,14.7,15.45,14.425,15.3625,4.585607,13985600
12/1/1970,15.3625,16.0375,15.3125,15.8875,4.742318,15844800
1/1/1971,15.8375,16.387501,15.5,16.275,4.857983,13894400
2/1/1971,16.275,17.174999,16.25,16.825001,5.022157,11152000
3/1/1971,16.825001,18.2875,16.737499,17.875,5.356643,12256000
4/1/1971,17.875,18.200001,17.450001,17.887501,5.360388,16568000
5/1/1971,17.75,17.775,16.25,16.35,4.899641,12846400
6/1/1971,16.375,16.575001,15.4,15.85,4.767427,21155200
7/1/1971,15.85,15.9625,14.5125,14.5625,4.380167,22408000
8/1/1971,14.6375,16,14.1625,15.2,4.57192,17017600
9/1/1971,15.2,15.65,14.95,15.1875,4.588945,12812800
10/1/1971,15.2125,15.7625,14.775,15.025,4.539847,14761600
11/1/1971,15,15.325,14.4125,15.275,4.615382,13342400
12/1/1971,15.325,17.424999,15.325,16.825001,5.105825,17424000
1/1/1972,16.825001,18.6,16.5875,18.4,5.583783,18987200
2/1/1972,18.4,18.75,18.225,18.424999,5.591372,9993600
3/1/1972,18.475,19.299999,18.299999,19.112499,5.821044,13555200
4/1/1972,19.112499,19.987499,18.9625,19.299999,5.878153,11294400
5/1/1972,19.299999,20.299999,18.8375,19.887501,6.057086,13296000
6/1/1972,19.950001,20.049999,19.35,19.6,5.990862,9315200
7/1/1972,19.65,20.275,19.174999,20.0375,6.124585,11385600
8/1/1972,20.1,21.3375,20.1,20.424999,6.243027,14835200
9/1/1972,20.424999,20.487499,19.6625,20.325001,6.233037,9339200
10/1/1972,20.325001,20.393749,18.075001,19.275,5.911033,19964800
11/1/1972,19.299999,19.725,18.549999,19.549999,5.995368,12979200
12/1/1972,19.549999,20.25,19.25,20.1,6.185955,12316800
1/1/1973,20.225,22.424999,20.225,21.775,6.701447,18889600
2/1/1973,21.775,22.825001,20.924999,21.575001,6.639898,14412800
3/1/1973,21.575001,22.487499,20.975,21.575001,6.661201,14980800
4/1/1973,21.575001,21.8125,20.0625,20.4,6.29843,13444800
5/1/1973,20.575001,21.262501,19.075001,19.671875,6.07362,19080000
6/1/1973,19.625,20.84375,19.125,19.8125,6.1373,13171200
7/1/1973,19.625,20.21875,18.4375,19.65625,6.088897,15332800
8/1/1973,19.65625,19.671875,18.578125,18.8125,5.827531,11534400
9/1/1973,18.78125,18.78125,15.65625,16.125,5.013258,23854400
10/1/1973,16.109375,18.4375,15.3125,17.515625,5.445602,21480000
11/1/1973,17.515625,18.125,16.4375,16.5625,5.149277,14982400
12/1/1973,16.546875,16.6875,14.695313,15.421875,4.814138,15811200
1/1/1974,15.421875,15.71875,14.0625,15.328125,4.784874,15929600
2/1/1974,15.28125,15.28125,14.0625,14.867188,4.640986,9995200
3/1/1974,14.867188,15.875,14.46875,14.734375,4.624528,12356800
4/1/1974,14.734375,15.15625,13.671875,14.203125,4.457791,11529600
5/1/1974,14.203125,14.5,13.101563,13.28125,4.168453,11699200
6/1/1974,13.28125,14.5,13.125,13.296875,4.196902,11020800
7/1/1974,13.296875,13.992188,12.265625,12.601563,3.97744,16593600
8/1/1974,12.601563,13.4375,11.765625,12,3.787572,20158400
9/1/1974,12,12.03125,9.40625,9.9375,3.158643,25644800
10/1/1974,9.9375,12.3125,9.640625,11.820313,3.7571,30107200
11/1/1974,11.820313,12.5,10.421875,11.078125,3.521193,21164800
12/1/1974,10.96875,10.976563,10.007813,10.5,3.363192,20459200
1/1/1975,10.515625,11.96875,9.828125,11.765625,3.768575,34846400
2/1/1975,11.765625,13.8125,11.703125,13.46875,4.314092,30401600
3/1/1975,13.5,14.046875,12.703125,12.914063,4.1677,22632000
4/1/1975,12.914063,13.585938,12.265625,13.117188,4.233258,25046400
5/1/1975,13.117188,14.210938,12.875,13.4375,4.336627,23155200
6/1/1975,13.5625,13.734375,12.6875,13.0625,4.245592,18966400
7/1/1975,13.0625,13.171875,11.859375,11.890625,3.864706,23774400
8/1/1975,11.890625,11.921875,11,11.640625,3.783453,17582400
9/1/1975,11.640625,12.265625,11.101563,11.765625,3.860401,18624000
10/1/1975,11.765625,13.484375,11.453125,13.265625,4.352569,31411200
11/1/1975,13.265625,14.15625,13.1875,14.148438,4.642225,20020800
12/1/1975,14.148438,14.203125,12.984375,14.015625,4.636656,20083200
1/1/1976,14.015625,16.234375,13.960938,16.109375,5.329311,36676800
2/1/1976,16.109375,16.53125,15.734375,15.976563,5.285374,24716800
3/1/1976,15.976563,16.617188,15.890625,16.375,5.453369,24401600
4/1/1976,16.375,17.078125,15.773438,15.835938,5.273847,28350400
5/1/1976,15.796875,16.21875,15.328125,16.039063,5.341491,18865600
6/1/1976,16.03125,17.429688,15.75,17.296875,5.800992,28011200
7/1/1976,17.296875,17.523438,16.75,17.007813,5.704044,25787200
8/1/1976,17.007813,17.546875,16.734375,17.101563,5.735486,20012800
9/1/1976,17.101563,18.03125,17.078125,17.585938,5.946283,24534400
10/1/1976,17.585938,17.703125,15.8125,16.984375,5.742877,33817600
11/1/1976,16.984375,17.21875,16.09375,16.9375,5.727027,26073600
12/1/1976,16.9375,17.625,16.546875,17.445313,5.948677,27566400
1/1/1977,17.28125,17.53125,16.632813,17.203125,5.866091,32448000
2/1/1977,17.203125,17.367188,16.625,17.25,5.882078,25752000
3/1/1977,17.257813,17.882813,17.234375,17.28125,5.946944,37860800
4/1/1977,17.28125,17.453125,16.03125,16.171875,5.56518,36848000
5/1/1977,16.171875,16.484375,15.28125,15.34375,5.280198,30588800
6/1/1977,15.375,16.804688,15.375,16.5,5.732615,32380800
7/1/1977,16.492188,17.21875,16.125,16.757813,5.822186,27246400
8/1/1977,16.757813,17,16.492188,16.773438,5.827614,22665600
9/1/1977,16.773438,16.8125,15.953125,16.3125,5.720485,21864000
10/1/1977,16.3125,16.40625,15.882813,16.078125,5.638294,26683200
11/1/1977,16.078125,16.828125,15.5625,16.5,5.786237,36395200
12/1/1977,16.5,17.203125,16.203125,17.09375,6.053635,32008000
1/1/1978,16.78125,17.0625,16.5,16.59375,5.876563,39188800
2/1/1978,16.59375,16.648438,15.640625,15.703125,5.561153,27854400
3/1/1978,15.703125,15.78125,14.703125,14.71875,5.2702,49926400
4/1/1978,14.765625,16.625,14.671875,16.625,5.952751,60392000
5/1/1978,16.625,16.796875,16.125,16.140625,5.779315,38838400
6/1/1978,16.140625,17.265625,16,16.078125,5.820618,37203200
7/1/1978,16.078125,17.59375,15.9375,17.5625,6.357991,39387200
8/1/1978,17.5625,18.796875,17.4375,18.242188,6.60405,50198400
9/1/1978,18.25,19.03125,17.09375,17.3125,6.329701,32940800
10/1/1978,17.3125,18.34375,16.46875,16.515625,6.038352,45206400
11/1/1978,16.578125,17.28125,16,16.84375,6.158319,39755200
12/1/1978,16.914063,19.375,16.835938,18.65625,6.896159,45998400
1/1/1979,18.65625,19.765625,18.40625,19.296875,7.132956,47875200
2/1/1979,19.296875,19.4375,18.570313,18.75,6.93081,27734400
3/1/1979,18.75,20.046875,18.664063,19.71875,7.372463,33780800
4/1/1979,19.71875,20.125,19.140625,19.640625,7.343256,34633600
5/1/1979,19.640625,20.09375,18.890625,19,7.103735,30065600
6/1/1979,19.09375,19.625,18.03125,18.34375,6.932966,31636000
7/1/1979,18.34375,19.1875,17,17.4375,6.590447,35155200
8/1/1979,17.4375,18.125,17.0625,17.5,6.614071,36858000
9/1/1979,17.46875,17.84375,16.4375,16.9375,6.480247,35494800
10/1/1979,16.90625,17.375,15.28125,15.59375,5.966132,45927200
11/1/1979,15.59375,16.75,15.28125,16.3125,6.241123,33889200
12/1/1979,16.28125,16.90625,15.8125,16.09375,6.242988,26533600
1/1/1980,15.75,18,15.3125,17.15625,6.655151,49631600
2/1/1980,17.15625,17.625,15.5,15.875,6.158133,39879600
3/1/1980,15.875,15.875,12.84375,13.9375,5.474169,49619200
4/1/1980,13.9375,14,12.59375,13.71875,5.388252,55773200
5/1/1980,13.71875,14.15625,13,13.84375,5.437346,39994400
6/1/1980,13.84375,15.09375,13.8125,14.6875,5.860168,42240800
7/1/1980,14.6875,16.53125,14.59375,16.3125,6.508528,41150000
8/1/1980,16.3125,17.28125,16,16.375,6.533463,38015200
9/1/1980,16.375,17.25,15.84375,16.03125,6.481245,44193600
10/1/1980,16.03125,17.875,15.90625,16.65625,6.733927,55620000
11/1/1980,16.6875,18.1875,16.5625,17.03125,6.885531,46076800
12/1/1980,17,17.375,15.8125,16.96875,6.948798,47108400
1/1/1981,16.96875,17.875,16,16.09375,6.590479,44448800
2/1/1981,16.09375,16.21875,15.0625,16.0625,6.577686,31698800
3/1/1981,16.0625,16.3125,15.34375,15.59375,6.472022,43053600
4/1/1981,15.59375,15.84375,14.65625,14.65625,6.082921,64481600
5/1/1981,14.65625,14.84375,13.78125,14.6875,6.095891,46670800
6/1/1981,14.9375,15.1875,14.28125,14.46875,6.095682,44883600
7/1/1981,14.46875,14.46875,13.65625,14.03125,5.911362,33268800
8/1/1981,14.03125,14.71875,13.75,13.78125,5.806037,33306800
9/1/1981,13.78125,14.1875,13.0625,13.53125,5.785954,40204800
10/1/1981,13.53125,14.0625,12.09375,12.875,5.505342,52389600
11/1/1981,13,13.625,12.46875,13.625,5.82604,44765600
12/1/1981,13.625,14.40625,13.25,14.21875,6.18021,47809200
1/1/1982,14.40625,16.1875,13.90625,15.90625,6.913689,74401600
2/1/1982,15.75,16,14.9375,15.46875,6.723527,51439200
3/1/1982,15.53125,15.6875,14.28125,14.9375,6.582836,67770800
4/1/1982,15.125,16.53125,14.96875,16.0625,7.078612,61904400
5/1/1982,16.09375,16.3125,15.3125,15.375,6.775639,42299600
6/1/1982,15.40625,15.53125,14.375,15.15625,6.768619,59794400
7/1/1982,15.15625,17.15625,14.84375,16.40625,7.326854,77599600
8/1/1982,16.65625,17.75,15.53125,17.625,7.871141,86336400
9/1/1982,17.5625,19.40625,17.34375,18.34375,8.300907,88402400
10/1/1982,18.5,21.1875,18.3125,19.96875,9.03625,90497200
11/1/1982,20.125,21.625,19.875,21.625,9.785728,73062000
12/1/1982,21.8125,24.5,21.53125,24.0625,10.999713,87144800
1/1/1983,23.6875,25.1875,23.0625,24.71875,11.299706,83227600
2/1/1983,24.53125,25.375,23.46875,24.75,11.313988,68222000
3/1/1983,25.1875,26.21875,24.65625,25.4375,11.733385,70778800
4/1/1983,25.40625,29.5,25.28125,29.25,13.491949,72702000
5/1/1983,29,29.625,27.4375,27.8125,12.828877,55655600
6/1/1983,27.8125,31.125,27.5625,30.0625,13.980737,64907200
7/1/1983,30.15625,31.75,29.65625,30.09375,13.995269,65484400
8/1/1983,30.0625,30.9375,28.8125,29.875,13.893531,68978400
9/1/1983,29.90625,32.375,29.53125,31.71875,14.867464,72724800
10/1/1983,31.625,33.5625,31.375,31.6875,14.852815,99626000
11/1/1983,31.8125,31.9375,29.34375,29.34375,13.754236,89170800
12/1/1983,29.4375,31.21875,29.28125,30.5,14.404165,76494400
1/1/1984,30.5625,31.25,28.15625,28.53125,13.474385,115276000
2/1/1984,28.5625,28.65625,26.625,27.5625,13.016876,111818400
3/1/1984,27.4375,28.9375,26.65625,28.46875,13.557479,95428400
4/1/1984,28.5625,28.65625,26.875,28.4375,13.542601,90708800
5/1/1984,28.5,29.3125,26.40625,26.9375,12.828259,88976000
6/1/1984,26.9375,27.3125,24.75,26.4375,12.694455,116490800
7/1/1984,26.4375,27.71875,26,27.65625,13.279657,72080800
8/1/1984,27.75,31.6875,27.71875,30.9375,14.855206,123313200
9/1/1984,30.75,32.125,30.21875,31.0625,15.051784,79127600
10/1/1984,30.9375,31.9375,29.6875,31.15625,15.097205,89139600
11/1/1984,31.4375,31.9375,29.875,30.4375,14.878053,87458000
12/1/1984,30.3125,31.125,29,30.78125,15.046078,88833200
1/1/1985,30.59375,34.40625,29.75,34.09375,16.665247,130434000
2/1/1985,33.90625,34.5625,32.6875,33.5,16.375013,91922000
3/1/1985,33.625,34.1875,31.03125,31.75,15.645684,102980400
4/1/1985,31.75,32.59375,30.96875,31.625,15.584087,78410400
5/1/1985,31.59375,33.3125,31.15625,32.15625,15.845875,99628400
6/1/1985,32.34375,32.65625,29.34375,30.9375,15.380253,118883600
7/1/1985,30.9375,33.125,30,32.84375,16.327923,111006400
8/1/1985,32.9375,33.1875,31.375,31.65625,15.737561,68101200
9/1/1985,31.65625,32.625,30.5625,30.96875,15.527937,92325600
10/1/1985,31,32.84375,30.71875,32.46875,16.280045,105592000
11/1/1985,32.40625,35.1875,32.40625,34.9375,17.517895,108894800
12/1/1985,34.9375,39.6875,34.40625,38.875,19.654287,114449200
1/1/1986,38.6875,39.125,35.75,37.875,19.148706,127569600
2/1/1986,37.96875,40.25,37.5,37.71875,19.069708,126502400
3/1/1986,37.59375,38.375,36.125,37.875,19.285557,161545600
4/1/1986,37.96875,40.46875,36.84375,39.0625,19.890232,143528000
5/1/1986,39,39.375,35.5625,38.09375,19.396954,132659200
6/1/1986,38.1875,38.375,36.03125,36.625,18.785713,94299600
7/1/1986,36.625,37.53125,32.46875,33.125,16.990482,150528800
8/1/1986,33.15625,35.5,32.3125,34.6875,17.791922,114402800
9/1/1986,34.71875,36.375,33.28125,33.625,17.392855,162128000
10/1/1986,33.71875,33.875,29.9375,30.90625,15.986547,170433600
11/1/1986,31,31.96875,29.8125,31.78125,16.439152,110249600
12/1/1986,31.625,32.53125,30,30,15.65459,134091600
1/1/1987,30.25,32.71875,28.9375,32.1875,16.796078,200740000
2/1/1987,32.0625,36.0625,32,34.875,18.198458,144920000
3/1/1987,34.875,39.15625,34.40625,37.53125,19.745279,157184400
4/1/1987,37.25,40.375,35.65625,40.03125,21.060537,225196000
5/1/1987,40,41.90625,38.75,40,21.044085,151076000
6/1/1987,40.25,42.15625,39,40.625,21.514832,138280000
7/1/1987,40.71875,42.46875,39.78125,40.25,21.316242,129840400
8/1/1987,39.875,43.96875,39.625,42.09375,22.292685,189084000
9/1/1987,42.15625,42.34375,37.125,37.6875,20.097101,196856000
10/1/1987,37.8125,39.3125,25,30.625,16.330982,269141200
11/1/1987,30.25,31.21875,27.5,27.6875,14.764542,139041600
12/1/1987,28.125,30.09375,26.25,28.875,15.539483,144892800
1/1/1988,29.25,31,27.15625,28.09375,15.119043,161385200
2/1/1988,28.1875,29.46875,26.71875,29.375,15.808565,139936000
3/1/1988,29.46875,29.65625,26.0625,26.90625,14.627591,139366000
4/1/1988,26.875,29.125,26.40625,28.34375,15.409092,128671200
5/1/1988,28.40625,28.78125,26.875,28.125,15.290166,84149200
6/1/1988,28.25,32.09375,27.9375,31.84375,17.481665,157071600
7/1/1988,31.9375,32.375,30,31.4375,17.25864,118082800
8/1/1988,31.5,31.71875,27.59375,27.875,15.302891,116881200
9/1/1988,27.78125,29.125,27.375,28.84375,15.974455,107313600
10/1/1988,28.78125,31.21875,28.1875,30.65625,16.97827,116277200
11/1/1988,30.71875,31.09375,28.53125,29.625,16.407135,103644400
12/1/1988,29.59375,31.03125,29.40625,30.46875,17.027639,91382800
1/1/1989,30.46875,32.71875,30.15625,32.65625,18.250135,130706400
2/1/1989,32.4375,32.71875,30.15625,30.375,16.975241,114396400
3/1/1989,30.53125,30.59375,26.90625,27.28125,15.376764,165558400
4/1/1989,27.3125,28.9375,26.5625,28.53125,16.081326,111530800
5/1/1989,28.25,28.4375,26.875,27.40625,15.447227,137074400
6/1/1989,27.375,28.78125,26.875,27.96875,15.937216,144924400
7/1/1989,28.125,29.1875,27.65625,28.75,16.382395,106153600
8/1/1989,28.875,29.84375,28.125,29.28125,16.685118,148444400
9/1/1989,29.21875,29.6875,26.9375,27.3125,15.730234,128322400
10/1/1989,27.34375,27.4375,24.4375,25.0625,14.434382,170029200
11/1/1989,25.0625,25.1875,24,24.40625,14.056426,122311600
12/1/1989,24.40625,25.46875,23.34375,23.53125,13.718481,129607600
1/1/1990,23.6875,25.40625,23.625,24.65625,14.374345,156385200
2/1/1990,24.65625,26.375,24.375,25.96875,15.139517,133848800
3/1/1990,25.9375,27.34375,25.84375,26.53125,15.660068,128318400
4/1/1990,26.28125,27.8125,26.25,27.25,16.084309,110108400
5/1/1990,27.375,30.53125,26.96875,30,17.707485,149241200
6/1/1990,30.125,30.5625,29.0625,29.375,17.532774,118013600
7/1/1990,29.375,30.78125,27.625,27.875,16.637486,120184400
8/1/1990,27.96875,28.09375,24.125,25.46875,15.201283,165578800
9/1/1990,25.25,27.3125,25.1875,26.59375,16.052385,117822800
10/1/1990,26.78125,27.59375,24.0625,26.375,15.920354,161156400
11/1/1990,26.34375,28.78125,26.21875,28.40625,17.146446,140917600
12/1/1990,28.625,29,27.65625,28.25,17.244678,110565600
1/1/1991,28.21875,31.78125,26.375,31.6875,19.343029,174923600
2/1/1991,31.625,34.9375,31.40625,32.1875,19.648235,160567200
3/1/1991,32.0625,33.75,27.75,28.46875,17.545523,178246000
4/1/1991,28.46875,28.6875,25.53125,25.75,15.869942,164028400
5/1/1991,25.625,26.625,25.125,26.53125,16.351427,144389600
6/1/1991,26.5,26.84375,24.15625,24.28125,15.141547,143852000
7/1/1991,24.40625,25.75,23.90625,25.3125,15.784621,115507200
8/1/1991,25.25,25.4375,23,24.21875,15.102568,127478800
9/1/1991,24.4375,26.59375,24.40625,25.90625,16.350761,117172000
10/1/1991,25.90625,26.1875,24.1875,24.5625,15.502649,121914400
11/1/1991,24.59375,25.34375,23.09375,23.125,14.595366,116302000
12/1/1991,22.78125,23.09375,20.875,22.25,14.217988,186779200
1/1/1992,22.25,24.53125,22.21875,22.5,14.377742,148634800
2/1/1992,22.5,23.3125,21.65625,21.71875,13.878518,109520000
3/1/1992,21.71875,22.5625,20.78125,20.875,13.518605,134208800
4/1/1992,20.875,22.6875,20.40625,22.6875,14.692388,154146000
5/1/1992,22.8125,23.59375,22.53125,22.6875,14.692388,113014400
6/1/1992,22.625,24.65625,22.0625,24.46875,16.053957,146374400
7/1/1992,24.46875,25.09375,23.09375,23.6875,15.541379,143590400
8/1/1992,23.625,23.8125,21.25,21.65625,14.208672,121280800
9/1/1992,21.65625,22.1875,20,20.1875,13.422285,134284000
10/1/1992,20.25,20.28125,16.25,16.71875,11.115979,258644800
11/1/1992,16.75,17.46875,15.21875,17.0625,11.344524,195714800
12/1/1992,17.09375,17.21875,12.1875,12.59375,8.524473,392747600
1/1/1993,12.9375,13.3125,11.46875,12.875,8.714847,311186000
2/1/1993,13,13.71875,12.1875,13.59375,9.201352,195832000
3/1/1993,13.6875,14.28125,12.46875,12.71875,8.700989,209145600
4/1/1993,12.875,13.28125,11.84375,12.15625,8.316174,164894000
5/1/1993,12.28125,13.5,11.78125,13.1875,9.021659,151283200
6/1/1993,13.3125,13.59375,12.125,12.34375,8.537821,145922400
7/1/1993,12.40625,12.4375,10.28125,11.125,7.694845,206189600
8/1/1993,11.09375,11.46875,10.15625,11.4375,7.910992,140713600
9/1/1993,11.4375,11.59375,10.3125,10.5,7.3037,143716000
10/1/1993,10.53125,11.65625,10.53125,11.5,7.99929,182151200
11/1/1993,11.5,14.03125,11.4375,13.46875,9.368733,270267200
12/1/1993,13.6875,14.96875,13.1875,14.125,9.873855,196909600
1/1/1994,14.21875,15,13.6875,14.125,9.873855,214073600
2/1/1994,14.21875,14.34375,13,13.21875,9.240355,148824800
3/1/1994,13.21875,14.71875,12.84375,13.65625,9.589179,246932800
4/1/1994,13.25,14.875,12.84375,14.375,10.093878,213590400
5/1/1994,14.375,16.03125,14.0625,15.75,11.059377,191827200
6/1/1994,15.75,16.25,14.53125,14.6875,10.358149,179832000
7/1/1994,14.75,15.78125,13.625,15.46875,10.909116,220216800
8/1/1994,15.46875,17.53125,15.375,17.125,12.077158,241504800
9/1/1994,16.71875,17.84375,16.65625,17.40625,12.324412,182742800
10/1/1994,17.34375,19.09375,16.84375,18.625,13.187343,217612400
11/1/1994,18.59375,18.8125,17,17.6875,12.523554,183975600
12/1/1994,17.65625,18.65625,17.21875,18.375,13.054741,162032400
1/1/1995,18.375,19.5,17.5625,18.03125,12.810514,209998400
2/1/1995,18.09375,19.0625,18.0625,18.8125,13.365567,140747200
3/1/1995,18.78125,21.28125,18.78125,20.53125,14.635705,255785600
4/1/1995,20.5625,24.21875,20.5625,23.65625,16.863352,223769200
5/1/1995,23.46875,24.46875,22.875,23.25,16.573757,259951200
6/1/1995,23.375,24.84375,22.09375,24,17.153896,267735600
7/1/1995,24.0625,27.8125,23.9375,27.21875,19.454491,302672000
8/1/1995,27.28125,28.65625,24.65625,25.84375,18.471706,280425600
9/1/1995,25.6875,26.125,22.90625,23.625,16.924726,389168000
10/1/1995,23.75,24.8125,22.28125,24.3125,17.417248,331111200
11/1/1995,24.3125,25.59375,23.25,24.15625,17.305309,222618400
12/1/1995,24.25,24.3125,21.9375,22.84375,16.40659,238327200
1/1/1996,22.84375,27.46875,20.78125,27.125,19.481424,435801200
2/1/1996,27.1875,32.21875,27.03125,30.65625,22.017597,341496800
3/1/1996,30.40625,31.375,26.90625,27.8125,20.018806,331419600
4/1/1996,28.03125,30.21875,25.84375,26.9375,19.389004,369420400
5/1/1996,26.9375,28.125,25.90625,26.6875,19.209055,225481200
6/1/1996,26.59375,26.65625,24.03125,24.75,17.873568,232344400
7/1/1996,24.8125,27.21875,22.28125,26.875,19.408171,302262000
8/1/1996,27,28.9375,26.8125,28.59375,20.649387,187934000
9/1/1996,28.3125,31.96875,28.140625,31.125,22.54937,213265200
10/1/1996,31,33.84375,30.78125,32.25,23.364401,236814000
11/1/1996,32.21875,40.1875,31.78125,39.84375,28.8659,289765600
12/1/1996,39.90625,41.5,36.8125,37.875,27.513527,270300800
1/1/1997,38.4375,42.53125,36.25,39.21875,28.489653,415245600
2/1/1997,39.34375,39.34375,34.28125,35.9375,26.106062,309689200
3/1/1997,35.9375,37.4375,32.5,34.3125,24.984409,278667200
4/1/1997,34.25,40.28125,31.78125,40.125,29.216726,326464400
5/1/1997,40.125,45.9375,39.84375,43.25,31.492186,273395600
6/1/1997,43.875,46.875,40.875,45.125,32.937061,167324800
7/1/1997,45.125,54.21875,45.0625,52.875,38.593845,208427400
8/1/1997,52.75,54.71875,49.84375,50.6875,36.997169,155661400
9/1/1997,50.6875,53.71875,48.0625,53,38.756927,170868800
10/1/1997,53.0625,53.625,44.3125,49.25,36.014679,230292000
11/1/1997,49.5625,54.96875,47.625,54.75,40.036636,147470000
12/1/1997,55,56.75,48.1875,52.3125,38.328781,189262800
1/1/1998,52.25,54.1875,47.8125,49.375,36.176514,206153000
2/1/1998,50,52.9375,48.75,52.21875,38.260109,142352000
3/1/1998,52.09375,53.34375,47.9375,51.9375,38.130638,161250600
4/1/1998,51.9375,60,51.65625,57.9375,42.535618,175968600
5/1/1998,57.96875,64.65625,57.75,58.75,43.132133,151724400
6/1/1998,58.6875,60,53,57.40625,42.224434,163688800
7/1/1998,58,69.0625,56.375,66.25,48.729336,173555400
8/1/1998,67,67.4375,56.3125,56.3125,41.419949,187305400
9/1/1998,56.5,68.09375,55.375,64.25,47.339149,191312400
10/1/1998,62.53125,74.90625,58.40625,74.25,54.707115,248289400
11/1/1998,74.21875,85.28125,72.875,82.5625,60.831738,137674800
12/1/1998,81.75,94.96875,81.125,92.1875,68.023834,142026400
1/1/1999,92.5,99.625,86.75,91.625,67.60878,246686000
2/1/1999,92.25,92.25,80.875,84.875,62.628067,203078200
3/1/1999,84.75,92.96875,82,88.625,65.481903,230701600
4/1/1999,88.65625,107.625,81.5,104.59375,77.280663,267372400
5/1/1999,104,123,103.15625,116,85.708359,212247200
6/1/1999,113.625,132,109.4375,129.25,95.606483,131076300
7/1/1999,130,139.1875,122.625,125.6875,92.971237,132738400
8/1/1999,124,129.625,117.5625,124.5625,92.139099,128262000
9/1/1999,125.625,137.6875,119.625,121,89.591194,148296500
10/1/1999,121,123.25,89,98.25,72.74659,305298100
11/1/1999,98.5,109.875,90,103.0625,76.309853,215184000
12/1/1999,102.5625,122.125,102.25,107.875,79.979507,158626300
1/1/2000,112.4375,124.75,109.625,112.25,83.223152,175259600
2/1/2000,112.375,119.75,100.9375,102.75,76.179741,133524400
3/1/2000,102,128.25,99.5,118.375,87.856651,194329000
4/1/2000,120,128,101.25,111.5,82.754112,168464800
5/1/2000,112.5,113.625,102,107.3125,79.646202,123803200
6/1/2000,107.5625,122.3125,105.5,109.5625,81.41423,136216300
7/1/2000,108.75,117.8125,100,112.25,83.411255,150130400
8/1/2000,112,134.25,110.25,132.015594,98.098778,121998000
9/1/2000,133.0625,134.9375,110.25,112.625,83.783577,107468400
10/1/2000,112.625,119.625,86.9375,98.5,73.275757,223510000
11/1/2000,98.4375,104.375,91.625,93.5,69.556198,130411900
12/1/2000,94.4375,104.75,80.0625,85,63.313343,167790700
1/1/2001,84.5,116.75,83.75,112,83.424622,198962600
2/1/2001,112.400002,118.639999,99.099998,99.900002,74.411789,156438900
3/1/2001,99.300003,108.400002,87.650002,96.18,71.722557,254550000
4/1/2001,97.449997,118.050003,90.050003,115.139999,85.861244,226210900
5/1/2001,115.849998,119.900002,110.959999,111.800003,83.37056,159356200
6/1/2001,112.5,119,111.099998,113.5,84.740662,142929700
7/1/2001,113.5,115.400002,101.559998,105.209999,78.551208,161016400
8/1/2001,105.349998,110.089996,98.860001,99.949997,74.624023,143401500
9/1/2001,100.150002,103.129997,87.489998,91.720001,68.56974,189312500
10/1/2001,91.720001,112.099998,91.339996,108.07,80.793007,224351500
11/1/2001,107.25,117,106.900002,115.589996,86.414909,135136300
12/1/2001,114.800003,124.699997,113.209999,120.959999,90.541092,133393800
1/1/2002,120.599998,126.389999,101,107.889999,80.757919,193562900
2/1/2002,107.639999,109.300003,95.760002,98.120003,73.44487,172321000
3/1/2002,98.599998,108.849998,98.5,104,77.948837,151268500
4/1/2002,104,104,83.339996,83.760002,62.778786,246503300
5/1/2002,83.849998,86.489998,75.919998,80.449997,60.297932,172738400
6/1/2002,80.75,80.949997,66.099998,72,54.070614,190980700
7/1/2002,72.010002,74.199997,65.699997,70.400002,52.869041,246256900
8/1/2002,70.400002,82.849998,65.849998,75.379997,56.608925,166322300
9/1/2002,74.199997,77.5,57.990002,58.310001,43.886623,185664400
10/1/2002,59.200001,79.790001,54.009998,78.940002,59.413673,285626300
11/1/2002,78.900002,88.110001,76.699997,86.919998,65.419777,184438100
12/1/2002,88.599998,89.459999,75.599998,77.5,58.437168,151563500
1/1/2003,78.800003,88.949997,77.019997,78.199997,58.964993,193933500
2/1/2003,78.199997,80.050003,74.309998,77.949997,58.776489,145672700
3/1/2003,78.900002,84.900002,73.169998,78.43,59.253464,191937200
4/1/2003,78.5,86.489998,78.120003,84.900002,64.141518,177874300
5/1/2003,85.300003,90.400002,84.449997,88.040001,66.513763,149548000
6/1/2003,89,89.080002,79.809998,82.5,62.44249,184488300
7/1/2003,81.400002,87.029999,80.580002,81.25,61.496403,153915600
8/1/2003,81.150002,84.720001,78.730003,82.010002,62.071644,113895200
9/1/2003,82.400002,93.470001,82.300003,88.330002,66.989304,171943100
10/1/2003,88.75,94.540001,87.529999,89.480003,67.861488,156145400
11/1/2003,89.900002,91.480003,87.720001,90.540001,68.665367,97966100
12/1/2003,90.900002,94.120003,90.029999,92.68,70.41568,116103600
1/1/2004,92.860001,99.849998,89.010002,99.230003,75.392189,139368500
2/1/2004,99.150002,100.43,95.199997,96.5,73.317986,97741900
3/1/2004,96.5,97.599998,90.279999,91.839996,69.890594,124483700
4/1/2004,91.669998,94.550003,88.010002,88.169998,67.097694,110632000
5/1/2004,88.129997,89.75,85.120003,88.589996,67.417343,104707300
6/1/2004,88,91.209999,87.300003,88.150002,67.218468,91968600
7/1/2004,88.279999,88.440002,83.419998,87.07,66.394928,121001000
8/1/2004,86.870003,87.389999,81.900002,84.690002,64.580101,91169700
9/1/2004,84.050003,87.279999,83.239998,85.739998,65.51918,93906300
10/1/2004,85.949997,90.269997,84.290001,89.75,68.583481,118116100
11/1/2004,89.330002,96.629997,89.230003,94.239998,72.014557,114982100
12/1/2004,94.5,99,94.470001,98.580002,75.476662,108170400
1/1/2005,98.970001,99.099998,91.440002,93.419998,71.52597,114459000
2/1/2005,93.669998,94.970001,91.550003,92.580002,70.882828,79707700
3/1/2005,92.639999,93.730003,89.089996,91.379997,70.097542,106145200
4/1/2005,91.489998,91.760002,71.849998,76.379997,58.591026,216745500
5/1/2005,76.879997,78.110001,72.5,75.550003,57.954338,138416000
6/1/2005,75.57,77.730003,73.449997,74.199997,57.069939,135542800
7/1/2005,74.300003,85.110001,74.160004,83.459999,64.192177,156801500
8/1/2005,83,84.199997,79.870003,80.620003,62.007805,105031100
9/1/2005,80.160004,82.110001,76.93,80.220001,61.848568,115681400
10/1/2005,80.220001,84.599998,78.699997,81.879997,63.128365,139881800
11/1/2005,81.849998,89.940002,80.639999,88.900002,68.540726,110664500
12/1/2005,89.150002,89.919998,81.559998,82.199997,63.527027,120052400
1/1/2006,82.449997,85.029999,80.209999,81.300003,62.83149,146491600
2/1/2006,80.900002,82.239998,78.93,80.239998,62.01231,111052200
3/1/2006,80.199997,84.989998,79.510002,82.470001,63.895779,111514900
4/1/2006,82.720001,84.449997,80.629997,82.339996,63.795044,114007000
5/1/2006,82.589996,83.690002,79.059998,79.900002,61.904591,113146500
6/1/2006,79.889999,80.870003,76.059998,76.82,59.733448,139457800
7/1/2006,77.540001,78.529999,72.730003,77.410004,60.19223,137188300
8/1/2006,76.650002,81.68,75.050003,80.970001,62.960415,100880300
9/1/2006,81.129997,83.790001,79.309998,81.940002,63.968754,102776100
10/1/2006,81.760002,92.68,81.559998,92.330002,72.080009,170367300
11/1/2006,92.5,94.050003,90.43,91.919998,71.759933,104430000
12/1/2006,91.900002,97.879997,90.550003,97.150002,76.08902,104470200
1/1/2007,97.18,100.900002,94.550003,99.150002,77.655434,192702000
2/1/2007,98.970001,100.440002,92.470001,92.940002,72.791656,125776200
3/1/2007,90.25,95.809998,88.769997,94.260002,74.047981,163194500
4/1/2007,94.510002,103,93.910004,102.209999,80.293304,166807200
5/1/2007,102.059998,108.050003,101.349998,106.599998,83.741943,146441400
6/1/2007,106.620003,107.239998,101.559998,105.25,83.003258,169602000
7/1/2007,105.389999,118.82,104.580002,110.650002,87.261887,212757600
8/1/2007,110.389999,117.349998,103.699997,116.690002,92.025177,202871500
9/1/2007,116.339996,118.889999,114.300003,117.800003,93.229042,132233800
10/1/2007,117.610001,121.459999,110.959999,116.120003,91.899467,171669000
11/1/2007,115.5,116.089996,99.269997,105.18,83.241341,200920600
12/1/2007,105.550003,112.190002,104,108.099998,85.855743,134151600
1/1/2008,108.989998,108.989998,97.040001,107.110001,85.069466,247523900
2/1/2008,107.160004,116.629997,100.599998,113.860001,90.43045,168280800
3/1/2008,113.860001,119.790001,111.800003,115.139999,91.796707,179284200
4/1/2008,115.199997,125,113.860001,120.699997,96.229469,192087200
5/1/2008,121.059998,129.990005,120.779999,129.429993,103.189568,159517500
6/1/2008,128.490005,129.369995,118.150002,118.529999,94.885727,152327500
7/1/2008,117.5,130.929993,116.599998,127.980003,102.450623,200876500
8/1/2008,128.520004,129.970001,121.5,121.730003,97.44738,137028800
9/1/2008,122.870003,124,109.949997,116.959999,93.993561,218411700
10/1/2008,115.510002,116.800003,78.82,92.970001,74.714279,314972000
11/1/2008,92.639999,94.760002,69.5,81.599998,65.576912,218313000
12/1/2008,80.949997,87.269997,75.309998,84.160004,68.012329,188846100
1/1/2009,83.889999,94.940002,81.760002,91.650002,74.065216,208959400
2/1/2009,90.599998,97.099998,82.849998,92.029999,74.37233,223017600
3/1/2009,91.169998,99.860001,83.019997,96.889999,78.725807,286114500
4/1/2009,96.129997,106.050003,95.699997,103.209999,83.86097,213623100
5/1/2009,103.779999,106.82,99.830002,106.279999,86.355446,153084700
6/1/2009,106.940002,110.639999,103.510002,104.419998,85.2873,160502100
7/1/2009,105,119.370003,99.5,117.93,96.321899,176171400
8/1/2009,118.879997,120.879997,116.120003,118.050003,96.419899,112480200
9/1/2009,117.669998,122.879997,115.150002,119.610001,98.149712,131522200
10/1/2009,119.389999,128.610001,117.260002,120.610001,98.970291,183531100
11/1/2009,120.769997,128.940002,119.5,126.349998,103.680428,110748200
12/1/2009,127.290001,132.850006,126,130.899994,107.896149,124475900
1/1/2010,131.179993,134.25,121.900002,122.389999,100.88166,156110600
2/1/2010,123.230003,128.270004,121.610001,127.160004,104.813416,113211200
3/1/2010,127.5,130.729996,125.199997,128.25,106.184669,139997300
4/1/2010,128.949997,132.279999,127.120003,129,106.805634,146426400
5/1/2010,129.389999,133.100006,116,125.260002,103.709106,188444200
6/1/2010,124.690002,131.940002,122.82,123.480003,102.759369,162019100
7/1/2010,123.550003,131.600006,120.610001,128.399994,106.853767,144080000
8/1/2010,129.25,132.490005,122.279999,123.129997,102.468102,117394000
9/1/2010,125.309998,136.110001,124.519997,134.139999,112.183701,116092900
10/1/2010,135.509995,144,134.389999,143.600006,120.095245,137284700
11/1/2010,143.639999,147.529999,141.179993,141.460007,118.305557,104096700
12/1/2010,143.610001,147.5,143.509995,146.759995,123.283432,93392800
1/1/2011,147.210007,164.350006,146.639999,162,136.085602,118831600
2/1/2011,162.110001,166.25,159.029999,161.880005,135.984787,89067500
3/1/2011,163.149994,167.720001,151.710007,163.070007,137.526794,129714300
4/1/2011,163.699997,173,162.190002,170.580002,143.860413,100769500
5/1/2011,172.110001,173.539993,165.899994,168.929993,142.468887,110804200
6/1/2011,168.899994,172.449997,161.520004,171.550003,145.325531,105442400
7/1/2011,171.610001,185.630005,171.490005,181.850006,154.050964,113593200
8/1/2011,182.600006,183.690002,157.130005,171.910004,145.630417,195054100
9/1/2011,172.710007,180.910004,158.759995,174.869995,148.783005,137895000
10/1/2011,174.360001,190.529999,168.880005,184.630005,157.087067,144563700
11/1/2011,181.550003,189.970001,177.059998,188,159.954361,97014100
12/1/2011,187.009995,194.899994,179.039993,183.880005,157.07785,103436500
1/1/2012,186.729996,193.100006,177.350006,192.600006,164.52684,110015000
2/1/2012,193.210007,199.229996,190.830002,196.729996,168.054855,78809900
3/1/2012,197.229996,209.119995,196.809998,208.649994,178.931473,88096900
4/1/2012,208.960007,210.690002,196.789993,207.080002,177.585083,86603000
5/1/2012,207.179993,208.929993,192,192.899994,165.424774,86005300
6/1/2012,190.119995,199.990005,187,195.580002,168.42572,84559100
7/1/2012,196.360001,197.839996,181.850006,195.979996,168.770187,91516500
8/1/2012,196.960007,202,193.020004,194.850006,167.797073,60653700
9/1/2012,196.610001,208.320007,193.25,207.449997,179.410446,77341400
10/1/2012,208.009995,211.789993,190.559998,194.529999,168.236725,96155000
11/1/2012,194.679993,198,184.779999,190.070007,164.379578,81892500
12/1/2012,190.759995,196.449997,186.940002,191.550003,166.384521,79320200
1/1/2013,194.089996,208.580002,190.389999,203.070007,176.391083,87636600
2/1/2013,204.649994,205.350006,197.509995,200.830002,174.445343,64144100
3/1/2013,200.649994,215.899994,199.360001,213.300003,186.056915,76023800
4/1/2013,212.800003,214.889999,187.679993,202.539993,176.671204,108666600
5/1/2013,201.869995,211.979996,199.199997,208.020004,181.451294,90683600
6/1/2013,208.25,210.050003,188.410004,191.110001,167.482452,80215000
7/1/2013,192.149994,200.940002,190.259995,195.039993,170.926529,88079400
8/1/2013,196.649994,197.169998,181.100006,182.270004,159.735367,73077400
9/1/2013,183.630005,194.889999,182.309998,185.179993,163.096832,71488100
10/1/2013,185.339996,186.990005,172.570007,179.210007,157.838791,130967100
11/1/2013,179.809998,186.240005,177.309998,179.679993,158.252731,100984900
12/1/2013,179.460007,187.789993,172.729996,187.570007,166.089005,97993100
1/1/2014,187.210007,190.809998,175.339996,176.679993,156.446121,123489300
2/1/2014,176.020004,186.119995,172.190002,185.169998,163.963837,87054800
3/1/2014,183.330002,195.630005,182.210007,192.490005,171.379974,118984000
4/1/2014,193.119995,199.210007,187.009995,196.470001,174.923462,118441200
5/1/2014,196.309998,196.740005,182.330002,184.360001,164.141556,70018300
6/1/2014,184.759995,187.649994,179.270004,181.270004,162.330093,78501700
7/1/2014,181.699997,196.399994,181.699997,191.669998,171.643448,97597800
8/1/2014,190.5,194.130005,183.580002,192.300003,172.207642,53454100
9/1/2014,192.679993,195,188.119995,189.830002,171.001038,64179600
10/1/2014,189.910004,190.889999,161.100006,164.399994,148.093414,146255300
11/1/2014,164.25,164.970001,159.800003,162.169998,146.08461,80015600
12/1/2014,161.639999,164.520004,150.5,160.440002,145.515335,101583300
1/1/2015,161.309998,163.309998,149.520004,153.309998,139.048615,117006200
2/1/2015,154,164.990005,151.509995,161.940002,146.875839,76963200
3/1/2015,161.940002,165.350006,153.399994,160.5,146.590973,104847300
4/1/2015,160.229996,175.130005,158.389999,171.289993,156.445877,93533800
5/1/2015,173.199997,176.300003,168.839996,169.649994,154.947983,57785700
6/1/2015,170.210007,171.559998,162.119995,162.660004,149.688049,80846400
7/1/2015,163.970001,173.779999,158.5,161.990005,149.071503,93854600
8/1/2015,161.699997,161.850006,140.619995,147.889999,136.095947,93667600
9/1/2015,144.910004,149.679993,141.149994,144.970001,134.516296,81556300
10/1/2015,145.309998,153.149994,137.330002,140.080002,129.978912,120371200
11/1/2015,140.5,142.800003,131.649994,139.419998,129.36647,85427700
12/1/2015,139.580002,141.399994,133.910004,137.619995,128.894089,97954000
1/1/2016,135.600006,136.889999,118,124.790001,116.877609,126221600
2/1/2016,124.400002,134.919998,116.900002,131.029999,122.721947,106605800
3/1/2016,132.240005,153.100006,132.029999,151.449997,143.296097,105698400
4/1/2016,150.509995,153.520004,142.610001,145.940002,138.082748,93489400
5/1/2016,146.559998,153.809998,142.899994,153.740005,145.46283,75181700
6/1/2016,153,155.479996,142.5,151.779999,144.994247,76966700
7/1/2016,151.779999,163.600006,149.919998,160.619995,153.439011,69408600
8/1/2016,160.649994,164.949997,157.850006,158.880005,151.77681,69316700
9/1/2016,158.320007,165,153.210007,158.850006,153.058746,69885800
10/1/2016,158.059998,158.529999,147.789993,153.690002,148.086884,78230800
11/1/2016,153.5,164.660004,151,162.220001,156.305878,76307100
12/1/2016,161.949997,169.949997,158.300003,165.990005,161.389404,68957500
1/1/2017,167,179.25,165.339996,174.520004,169.682999,88746500
2/1/2017,175,182.789993,172.889999,179.820007,174.836105,59612000
3/1/2017,180.479996,182.550003,172.089996,174.139999,170.652283,79477000
4/1/2017,173.820007,176.330002,159.600006,160.289993,157.079666,100052300
5/1/2017,160.050003,160.419998,149.789993,152.630005,149.57309,103329100
6/1/2017,152.800003,157.199997,150.800003,153.830002,152.221695,83977000
7/1/2017,153.580002,156.029999,143.639999,144.669998,143.157455,93293500
8/1/2017,145,145.669998,139.130005,143.029999,141.534607,80268700
9/1/2017,142.979996,147.419998,141.639999,145.080002,145.080002,78296700
10/1/2017,145.350006,162.479996,145.210007,162.070007,162.070007,86695500
